year_month,product_category_name,total_quantity,total_sales,average_price
2016-09,beleza_saude,3,134.97,44.99
2016-09,moveis_decoracao,2,72.89,36.445
2016-09,telefonia,1,59.5,59.5
2016-10,Unknown,2,65.89,32.945
2016-10,alimentos,1,79.9,79.9
2016-10,audio,2,156.99,78.495
2016-10,automotivo,12,1833.25,152.77083333333334
2016-10,bebes,14,1630.16,116.44000000000001
2016-10,beleza_saude,48,4552.51,94.84395833333333
2016-10,brinquedos,27,4465.09,165.3737037037037
2016-10,cama_mesa_banho,8,478.99,59.87375
2016-10,climatizacao,10,1707.0900000000001,170.709
2016-10,consoles_games,10,3882.26,388.226
2016-10,cool_stuff,8,1111.0,138.875
2016-10,eletronicos,2,1306.99,653.495
2016-10,esporte_lazer,19,3333.64,175.45473684210526
2016-10,fashion_bolsas_e_acessorios,9,508.3,56.47777777777778
2016-10,fashion_calcados,1,29.99,29.99
2016-10,fashion_roupa_feminina,1,54.9,54.9
2016-10,fashion_roupa_masculina,1,24.9,24.9
2016-10,ferramentas_jardim,5,1359.88,271.976
2016-10,fraldas_higiene,1,134.9,134.9
2016-10,industria_comercio_e_negocios,4,359.6,89.9
2016-10,informatica_acessorios,21,1399.32,66.63428571428571
2016-10,livros_interesse_geral,1,119.5,119.5
2016-10,livros_tecnicos,1,267.0,267.0
2016-10,market_place,13,1306.19,100.47615384615385
2016-10,moveis_decoracao,67,5807.89,86.68492537313433
2016-10,moveis_escritorio,6,1300.88,216.81333333333336
2016-10,perfumaria,33,5688.7,172.38484848484848
2016-10,pet_shop,4,689.6800000000001,172.42000000000002
2016-10,relogios_presentes,5,3360.24,672.048
2016-10,telefonia,10,500.08,50.007999999999996
2016-10,telefonia_fixa,5,704.88,140.976
2016-10,utilidades_domesticas,12,1287.0700000000002,107.25583333333334
2016-12,fashion_bolsas_e_acessorios,1,10.9,10.9
2017-01,Unknown,13,1702.6399999999999,130.97230769230768
2017-01,agro_industria_e_comercio,3,65.97,21.99
2017-01,alimentos,2,42.82,21.41
2017-01,automotivo,34,5218.53,153.48617647058822
2017-01,bebes,41,6397.87,156.04560975609755
2017-01,beleza_saude,85,12561.32,147.78023529411763
2017-01,brinquedos,43,4814.09,111.95558139534884
2017-01,cama_mesa_banho,48,3960.1600000000003,82.50333333333334
2017-01,casa_conforto_2,2,72.8,36.4
2017-01,climatizacao,4,663.7,165.925
2017-01,consoles_games,23,5954.2,258.8782608695652
2017-01,construcao_ferramentas_construcao,1,310.0,310.0
2017-01,cool_stuff,40,7784.87,194.62175
2017-01,dvds_blu_ray,2,29.8,14.9
2017-01,eletrodomesticos_2,8,2126.6800000000003,265.83500000000004
2017-01,eletronicos,11,617.0,56.09090909090909
2017-01,eletroportateis,6,1660.79,276.79833333333335
2017-01,esporte_lazer,80,9717.62,121.47025000000001
2017-01,fashion_bolsas_e_acessorios,35,1671.97,47.77057142857143
2017-01,fashion_calcados,1,34.9,34.9
2017-01,fashion_roupa_feminina,2,77.3,38.65
2017-01,fashion_roupa_masculina,1,126.9,126.9
2017-01,fashion_underwear_e_moda_praia,2,137.25,68.625
2017-01,ferramentas_jardim,58,8152.75,140.56465517241378
2017-01,informatica_acessorios,31,3924.1400000000003,126.58516129032259
2017-01,instrumentos_musicais,1,339.74,339.74
2017-01,livros_interesse_geral,2,234.89,117.445
2017-01,malas_acessorios,5,492.5,98.5
2017-01,market_place,6,447.03999999999996,74.50666666666666
2017-01,moveis_cozinha_area_de_servico_jantar_e_jardim,1,110.0,110.0
2017-01,moveis_decoracao,182,13521.31,74.29291208791209
2017-01,moveis_escritorio,10,1444.35,144.435
2017-01,moveis_quarto,8,73.2,9.15
2017-01,moveis_sala,10,1241.9,124.19000000000001
2017-01,musica,2,19.8,9.9
2017-01,papelaria,14,1561.99,111.57071428571429
2017-01,pcs,1,2199.99,2199.99
2017-01,perfumaria,34,5112.599999999999,150.3705882352941
2017-01,pet_shop,15,967.12,64.47466666666666
2017-01,relogios_presentes,11,8086.52,735.1381818181818
2017-01,seguros_e_servicos,1,183.29,183.29
2017-01,telefonia,26,2945.86,113.30230769230769
2017-01,telefonia_fixa,22,677.12,30.778181818181817
2017-01,utilidades_domesticas,28,2827.58,100.985
2017-02,Unknown,58,9034.1,155.7603448275862
2017-02,agro_industria_e_comercio,7,224.84,32.12
2017-02,alimentos,9,715.63,79.51444444444445
2017-02,audio,5,163.8,32.760000000000005
2017-02,automotivo,86,13162.4,153.05116279069767
2017-02,bebes,34,3048.48,89.66117647058823
2017-02,beleza_saude,166,22838.79,137.58307228915663
2017-02,brinquedos,67,9403.34,140.34835820895523
2017-02,cama_mesa_banho,165,16282.73,98.68321212121212
2017-02,casa_conforto,3,414.66,138.22
2017-02,casa_construcao,4,695.6,173.9
2017-02,cine_foto,1,59.0,59.0
2017-02,climatizacao,12,3095.3,257.94166666666666
2017-02,consoles_games,18,4294.7699999999995,238.5983333333333
2017-02,construcao_ferramentas_construcao,3,336.79,112.26333333333334
2017-02,construcao_ferramentas_jardim,2,579.98,289.99
2017-02,construcao_ferramentas_seguranca,1,379.0,379.0
2017-02,cool_stuff,70,13323.6,190.33714285714285
2017-02,dvds_blu_ray,1,14.9,14.9
2017-02,eletrodomesticos,7,740.9,105.84285714285714
2017-02,eletrodomesticos_2,1,15.99,15.99
2017-02,eletronicos,19,1218.85,64.14999999999999
2017-02,eletroportateis,28,7251.58,258.985
2017-02,esporte_lazer,156,16372.16,104.94974358974359
2017-02,fashion_bolsas_e_acessorios,39,2374.11,60.87461538461539
2017-02,fashion_calcados,3,107.05,35.68333333333333
2017-02,fashion_roupa_feminina,4,457.8,114.45
2017-02,fashion_roupa_masculina,7,642.85,91.83571428571429
2017-02,fashion_underwear_e_moda_praia,8,396.97,49.62125
2017-02,ferramentas_jardim,72,13144.61,182.5640277777778
2017-02,industria_comercio_e_negocios,1,119.0,119.0
2017-02,informatica_acessorios,106,11972.59,112.94896226415095
2017-02,instrumentos_musicais,9,2221.28,246.8088888888889
2017-02,livros_importados,1,99.0,99.0
2017-02,livros_interesse_geral,8,772.71,96.58875
2017-02,livros_tecnicos,1,159.0,159.0
2017-02,malas_acessorios,21,1694.18,80.6752380952381
2017-02,market_place,22,1688.22,76.73727272727272
2017-02,moveis_cozinha_area_de_servico_jantar_e_jardim,2,139.9,69.95
2017-02,moveis_decoracao,266,20986.1,78.89511278195488
2017-02,moveis_escritorio,63,11805.98,187.39650793650793
2017-02,moveis_quarto,1,450.0,450.0
2017-02,moveis_sala,24,3791.63,157.98458333333335
2017-02,papelaria,19,2341.4,123.23157894736842
2017-02,pcs,1,3549.0,3549.0
2017-02,perfumaria,51,8127.179999999999,159.35647058823528
2017-02,pet_shop,40,3729.07,93.22675000000001
2017-02,relogios_presentes,37,11756.21,317.7354054054054
2017-02,tablets_impressao_imagem,8,792.0,99.0
2017-02,telefonia,111,6899.09,62.15396396396397
2017-02,telefonia_fixa,22,759.23,34.51045454545454
2017-02,utilidades_domesticas,81,12659.67,156.29222222222222
2017-03,Unknown,63,6714.17,106.57412698412699
2017-03,agro_industria_e_comercio,2,81.99000000000001,40.995000000000005
2017-03,alimentos,24,2667.56,111.14833333333333
2017-03,alimentos_bebidas,5,110.8,22.16
2017-03,artes,5,223.25,44.65
2017-03,audio,14,1134.77,81.05499999999999
2017-03,automotivo,87,14482.07,166.46057471264368
2017-03,bebes,44,3724.08,84.63818181818182
2017-03,bebidas,5,463.87,92.774
2017-03,beleza_saude,211,25995.25,123.20023696682465
2017-03,brinquedos,103,12429.47,120.67446601941747
2017-03,cama_mesa_banho,289,25773.02,89.18
2017-03,casa_conforto,13,2123.4,163.33846153846156
2017-03,casa_conforto_2,3,342.88,114.29333333333334
2017-03,casa_construcao,10,591.96,59.196000000000005
2017-03,climatizacao,17,4103.81,241.40058823529415
2017-03,consoles_games,50,10768.84,215.3768
2017-03,construcao_ferramentas_construcao,4,773.4,193.35
2017-03,construcao_ferramentas_seguranca,2,380.0,190.0
2017-03,cool_stuff,123,21095.21,171.50577235772357
2017-03,dvds_blu_ray,5,1873.7,374.74
2017-03,eletrodomesticos,10,313.3,31.330000000000002
2017-03,eletrodomesticos_2,2,500.9,250.45
2017-03,eletronicos,37,3986.0,107.72972972972973
2017-03,eletroportateis,31,11171.06,360.35677419354835
2017-03,esporte_lazer,199,27001.59,135.68638190954775
2017-03,fashion_bolsas_e_acessorios,68,4861.16,71.48764705882353
2017-03,fashion_calcados,14,1515.0,108.21428571428571
2017-03,fashion_esporte,1,39.9,39.9
2017-03,fashion_roupa_feminina,1,19.9,19.9
2017-03,fashion_roupa_masculina,9,580.8,64.53333333333333
2017-03,fashion_underwear_e_moda_praia,6,394.14,65.69
2017-03,ferramentas_jardim,150,23747.15,158.31433333333334
2017-03,industria_comercio_e_negocios,2,238.0,119.0
2017-03,informatica_acessorios,174,28624.6,164.50919540229884
2017-03,instrumentos_musicais,10,1667.33,166.733
2017-03,livros_interesse_geral,25,2648.96,105.9584
2017-03,livros_tecnicos,2,75.0,37.5
2017-03,malas_acessorios,38,5924.01,155.895
2017-03,market_place,17,1808.59,106.38764705882352
2017-03,moveis_cozinha_area_de_servico_jantar_e_jardim,3,113.98,37.99333333333333
2017-03,moveis_decoracao,328,23477.63,71.57814024390244
2017-03,moveis_escritorio,78,11783.51,151.07064102564104
2017-03,moveis_sala,24,3324.0,138.5
2017-03,musica,1,27.99,27.99
2017-03,papelaria,56,5902.62,105.40392857142857
2017-03,perfumaria,106,19808.13,186.86915094339625
2017-03,pet_shop,45,8369.960000000001,185.99911111111112
2017-03,relogios_presentes,81,26770.38,330.49851851851855
2017-03,sinalizacao_e_seguranca,1,75.0,75.0
2017-03,tablets_impressao_imagem,5,495.0,99.0
2017-03,telefonia,172,8121.05,47.215406976744184
2017-03,telefonia_fixa,21,1592.3500000000001,75.82619047619048
2017-03,utilidades_domesticas,204,13511.81,66.23436274509804
2017-04,Unknown,71,8693.09,122.43788732394367
2017-04,alimentos,8,491.3,61.4125
2017-04,alimentos_bebidas,3,47.9,15.966666666666667
2017-04,artes,1,119.9,119.9
2017-04,artigos_de_natal,1,69.0,69.0
2017-04,audio,11,942.2,85.65454545454546
2017-04,automotivo,88,15548.17,176.68375
2017-04,bebes,51,3980.4500000000003,78.04803921568627
2017-04,bebidas,7,199.93,28.56142857142857
2017-04,beleza_saude,189,22935.75,121.35317460317461
2017-04,brinquedos,113,13039.43,115.39318584070797
2017-04,cama_mesa_banho,274,24347.690000000002,88.86018248175183
2017-04,casa_conforto,17,2411.1,141.82941176470587
2017-04,casa_conforto_2,1,12.9,12.9
2017-04,casa_construcao,5,1602.69,320.538
2017-04,cine_foto,2,118.0,59.0
2017-04,climatizacao,16,2582.23,161.389375
2017-04,consoles_games,17,3772.88,221.93411764705883
2017-04,construcao_ferramentas_ferramentas,1,729.0,729.0
2017-04,construcao_ferramentas_jardim,8,1490.21,186.27625
2017-04,cool_stuff,121,21822.08,180.34776859504134
2017-04,dvds_blu_ray,2,1434.9,717.45
2017-04,eletrodomesticos,10,499.4,49.94
2017-04,eletrodomesticos_2,2,799.8,399.9
2017-04,eletronicos,48,4822.24,100.46333333333332
2017-04,eletroportateis,21,23253.98,1107.3323809523808
2017-04,esporte_lazer,218,24864.33,114.05655963302753
2017-04,fashion_bolsas_e_acessorios,50,3219.8,64.396
2017-04,fashion_calcados,23,1526.5,66.3695652173913
2017-04,fashion_esporte,4,189.77999999999997,47.44499999999999
2017-04,fashion_roupa_feminina,1,64.9,64.9
2017-04,fashion_roupa_masculina,7,416.69,59.527142857142856
2017-04,fashion_underwear_e_moda_praia,4,98.78999999999999,24.697499999999998
2017-04,ferramentas_jardim,119,20809.28,174.86789915966386
2017-04,informatica_acessorios,136,20691.06,152.14014705882354
2017-04,instrumentos_musicais,16,3818.43,238.651875
2017-04,la_cuisine,1,24.0,24.0
2017-04,livros_importados,1,19.99,19.99
2017-04,livros_interesse_geral,12,923.38,76.94833333333334
2017-04,livros_tecnicos,1,75.0,75.0
2017-04,malas_acessorios,49,7150.2,145.92244897959182
2017-04,market_place,20,4090.18,204.509
2017-04,moveis_colchao_e_estofado,1,109.4,109.4
2017-04,moveis_cozinha_area_de_servico_jantar_e_jardim,9,1033.4,114.82222222222224
2017-04,moveis_decoracao,203,21690.420000000002,106.84935960591135
2017-04,moveis_escritorio,58,9411.3,162.26379310344825
2017-04,moveis_quarto,5,858.96,171.792
2017-04,moveis_sala,12,2073.34,172.77833333333334
2017-04,musica,2,59.8,29.9
2017-04,papelaria,36,4606.34,127.9538888888889
2017-04,pc_gamer,2,259.98,129.99
2017-04,perfumaria,105,19891.11,189.43914285714285
2017-04,pet_shop,51,6182.89,121.23313725490196
2017-04,relogios_presentes,97,23487.78,242.14206185567008
2017-04,sinalizacao_e_seguranca,3,128.06,42.68666666666667
2017-04,tablets_impressao_imagem,11,1112.88,101.1709090909091
2017-04,telefonia,145,7245.87,49.97151724137931
2017-04,telefonia_fixa,11,2998.33,272.57545454545453
2017-04,utilidades_domesticas,183,15028.84,82.1248087431694
2017-05,Unknown,96,10961.94,114.186875
2017-05,agro_industria_e_comercio,4,1579.94,394.985
2017-05,alimentos,3,387.9,129.29999999999998
2017-05,alimentos_bebidas,17,416.28999999999996,24.487647058823526
2017-05,artes,8,6967.65,870.95625
2017-05,artes_e_artesanato,1,21.99,21.99
2017-05,audio,17,2081.18,122.42235294117646
2017-05,automotivo,125,18640.03,149.12024
2017-05,bebes,108,9849.51,91.19916666666667
2017-05,bebidas,1,90.0,90.0
2017-05,beleza_saude,290,46786.02,161.33110344827585
2017-05,brinquedos,200,22626.95,113.13475
2017-05,cama_mesa_banho,369,33346.45,90.36978319783196
2017-05,casa_conforto,37,5293.87,143.07756756756757
2017-05,casa_construcao,7,1620.5,231.5
2017-05,cine_foto,1,59.0,59.0
2017-05,climatizacao,8,1016.77,127.09625
2017-05,consoles_games,29,2507.2,86.4551724137931
2017-05,construcao_ferramentas_construcao,1,99.99,99.99
2017-05,construcao_ferramentas_ferramentas,2,803.9,401.95
2017-05,construcao_ferramentas_jardim,8,1577.24,197.155
2017-05,cool_stuff,247,33696.47,136.42295546558705
2017-05,dvds_blu_ray,4,89.6,22.4
2017-05,eletrodomesticos,28,1912.79,68.31392857142858
2017-05,eletrodomesticos_2,9,3093.04,343.6711111111111
2017-05,eletronicos,68,6709.11,98.66338235294117
2017-05,eletroportateis,18,5241.44,291.19111111111107
2017-05,esporte_lazer,316,36163.5,114.44145569620254
2017-05,fashion_bolsas_e_acessorios,110,7498.67,68.16972727272727
2017-05,fashion_calcados,22,1669.54,75.88818181818182
2017-05,fashion_esporte,3,124.84,41.61333333333334
2017-05,fashion_roupa_feminina,5,422.40000000000003,84.48
2017-05,fashion_roupa_infanto_juvenil,1,110.0,110.0
2017-05,fashion_roupa_masculina,4,608.9,152.225
2017-05,fashion_underwear_e_moda_praia,7,283.5,40.5
2017-05,ferramentas_jardim,141,20693.46,146.76212765957447
2017-05,industria_comercio_e_negocios,2,519.8,259.9
2017-05,informatica_acessorios,320,45634.78,142.6086875
2017-05,instrumentos_musicais,21,10019.43,477.1157142857143
2017-05,la_cuisine,1,193.0,193.0
2017-05,livros_interesse_geral,20,1841.57,92.07849999999999
2017-05,livros_tecnicos,3,262.0,87.33333333333333
2017-05,malas_acessorios,70,12539.62,179.1374285714286
2017-05,market_place,22,2476.98,112.59
2017-05,moveis_colchao_e_estofado,3,595.89,198.63
2017-05,moveis_cozinha_area_de_servico_jantar_e_jardim,9,1304.48,144.94222222222223
2017-05,moveis_decoracao,279,24028.510000000002,86.12369175627241
2017-05,moveis_escritorio,56,8403.43,150.06125
2017-05,moveis_quarto,9,2369.97,263.33
2017-05,moveis_sala,34,4929.43,144.98323529411766
2017-05,papelaria,66,6049.9800000000005,91.66636363636364
2017-05,pc_gamer,1,129.99,129.99
2017-05,perfumaria,145,20119.04,138.752
2017-05,pet_shop,73,8151.0199999999995,111.65780821917808
2017-05,relogios_presentes,135,37973.9,281.28814814814814
2017-05,sinalizacao_e_seguranca,4,508.85,127.2125
2017-05,tablets_impressao_imagem,7,1514.98,216.4257142857143
2017-05,telefonia,224,9264.1,41.35758928571429
2017-05,telefonia_fixa,10,462.33000000000004,46.233000000000004
2017-05,utilidades_domesticas,307,21726.48,70.77029315960912
2017-06,Unknown,63,5527.79,87.74269841269842
2017-06,agro_industria_e_comercio,1,1390.0,1390.0
2017-06,alimentos,1,149.9,149.9
2017-06,alimentos_bebidas,2,57.4,28.7
2017-06,artes,10,421.7,42.17
2017-06,artigos_de_natal,3,184.7,61.56666666666666
2017-06,audio,11,1671.0,151.9090909090909
2017-06,automotivo,112,31370.69,280.0954464285714
2017-06,bebes,78,7864.74,100.83
2017-06,bebidas,1,49.99,49.99
2017-06,beleza_saude,260,32029.39,123.18996153846153
2017-06,brinquedos,158,15476.35,97.95158227848101
2017-06,cama_mesa_banho,382,35114.81,91.92358638743455
2017-06,casa_conforto,18,3056.19,169.78833333333333
2017-06,casa_conforto_2,1,12.9,12.9
2017-06,casa_construcao,8,1992.3,249.0375
2017-06,cine_foto,1,79.0,79.0
2017-06,climatizacao,11,2084.48,189.49818181818182
2017-06,consoles_games,30,5389.02,179.63400000000001
2017-06,construcao_ferramentas_construcao,8,376.37,47.04625
2017-06,construcao_ferramentas_jardim,4,434.69,108.6725
2017-06,cool_stuff,201,38244.5,190.27114427860695
2017-06,dvds_blu_ray,4,126.69,31.6725
2017-06,eletrodomesticos,43,2507.19,58.306744186046515
2017-06,eletrodomesticos_2,6,1213.87,202.31166666666664
2017-06,eletronicos,42,2100.04,50.00095238095238
2017-06,eletroportateis,23,9698.81,421.6873913043478
2017-06,esporte_lazer,277,32898.33,118.7665342960289
2017-06,fashion_bolsas_e_acessorios,83,6831.03,82.30156626506023
2017-06,fashion_calcados,20,1351.1999999999998,67.55999999999999
2017-06,fashion_esporte,6,495.49,82.58166666666666
2017-06,fashion_roupa_feminina,3,154.8,51.6
2017-06,fashion_roupa_infanto_juvenil,1,110.0,110.0
2017-06,fashion_roupa_masculina,10,569.69,56.96900000000001
2017-06,fashion_underwear_e_moda_praia,1,3.9,3.9
2017-06,ferramentas_jardim,114,15851.17,139.045350877193
2017-06,industria_comercio_e_negocios,2,276.97,138.485
2017-06,informatica_acessorios,261,37007.08,141.7895785440613
2017-06,instrumentos_musicais,20,4993.05,249.6525
2017-06,livros_importados,2,99.0,49.5
2017-06,livros_interesse_geral,21,1940.0800000000002,92.38476190476192
2017-06,livros_tecnicos,2,145.9,72.95
2017-06,malas_acessorios,61,8232.09,134.9522950819672
2017-06,market_place,16,1258.95,78.684375
2017-06,moveis_cozinha_area_de_servico_jantar_e_jardim,4,374.8,93.7
2017-06,moveis_decoracao,233,16943.58,72.71922746781117
2017-06,moveis_escritorio,50,7279.13,145.5826
2017-06,moveis_quarto,2,308.99,154.495
2017-06,moveis_sala,15,1713.3,114.22
2017-06,musica,4,1066.9,266.725
2017-06,papelaria,38,3493.57,91.93605263157895
2017-06,pc_gamer,1,129.99,129.99
2017-06,perfumaria,154,24438.1,158.68896103896103
2017-06,pet_shop,64,5243.57,81.93078125
2017-06,portateis_casa_forno_e_cafe,1,71.9,71.9
2017-06,relogios_presentes,124,28948.63,233.4566935483871
2017-06,sinalizacao_e_seguranca,2,273.9,136.95
2017-06,tablets_impressao_imagem,6,594.0,99.0
2017-06,telefonia,160,6757.62,42.235125
2017-06,telefonia_fixa,12,933.6700000000001,77.80583333333334
2017-06,utilidades_domesticas,331,23623.71,71.3707250755287
2017-07,Unknown,61,3124.66,51.223934426229505
2017-07,agro_industria_e_comercio,1,1180.0,1180.0
2017-07,alimentos,7,584.1600000000001,83.45142857142858
2017-07,alimentos_bebidas,8,168.2,21.025
2017-07,artes,3,386.75,128.91666666666666
2017-07,artes_e_artesanato,1,129.9,129.9
2017-07,artigos_de_festas,1,69.9,69.9
2017-07,artigos_de_natal,2,65.09,32.545
2017-07,audio,7,771.69,110.24142857142859
2017-07,automotivo,117,14119.74,120.68153846153847
2017-07,bebes,129,15941.11,123.57449612403101
2017-07,bebidas,3,273.97,91.32333333333334
2017-07,beleza_saude,316,34896.86,110.43310126582278
2017-07,brinquedos,207,24511.72,118.41410628019324
2017-07,cama_mesa_banho,579,63888.75,110.34326424870466
2017-07,casa_conforto,43,4563.85,106.13604651162791
2017-07,casa_conforto_2,1,12.9,12.9
2017-07,casa_construcao,2,93.6,46.8
2017-07,cds_dvds_musicais,5,225.0,45.0
2017-07,climatizacao,5,1396.1,279.21999999999997
2017-07,consoles_games,48,5680.16,118.33666666666666
2017-07,construcao_ferramentas_construcao,6,549.4399999999999,91.57333333333332
2017-07,construcao_ferramentas_iluminacao,1,360.0,360.0
2017-07,construcao_ferramentas_jardim,8,347.58000000000004,43.447500000000005
2017-07,cool_stuff,230,37506.76,163.0728695652174
2017-07,dvds_blu_ray,4,749.6999999999999,187.42499999999998
2017-07,eletrodomesticos,37,3671.99,99.24297297297296
2017-07,eletrodomesticos_2,7,1033.99,147.71285714285713
2017-07,eletronicos,97,7346.84,75.74061855670104
2017-07,eletroportateis,34,4621.36,135.92235294117646
2017-07,esporte_lazer,387,38813.41,100.29304909560724
2017-07,fashion_bolsas_e_acessorios,88,5193.1,59.0125
2017-07,fashion_calcados,20,1423.01,71.1505
2017-07,fashion_esporte,1,69.9,69.9
2017-07,fashion_roupa_feminina,4,310.70000000000005,77.67500000000001
2017-07,fashion_roupa_masculina,9,719.99,79.99888888888889
2017-07,fashion_underwear_e_moda_praia,3,274.8,91.60000000000001
2017-07,ferramentas_jardim,190,20067.05,105.61605263157894
2017-07,industria_comercio_e_negocios,2,245.95999999999998,122.97999999999999
2017-07,informatica_acessorios,326,38709.0,118.73926380368098
2017-07,instrumentos_musicais,32,8411.59,262.8621875
2017-07,la_cuisine,4,469.99,117.4975
2017-07,livros_interesse_geral,13,1292.4,99.41538461538462
2017-07,livros_tecnicos,2,528.0,264.0
2017-07,malas_acessorios,74,8357.61,112.94067567567568
2017-07,market_place,13,1573.3799999999999,121.02923076923076
2017-07,moveis_colchao_e_estofado,1,109.4,109.4
2017-07,moveis_cozinha_area_de_servico_jantar_e_jardim,11,1316.5,119.68181818181819
2017-07,moveis_decoracao,320,24751.920000000002,77.34975
2017-07,moveis_escritorio,115,16892.61,146.89226086956523
2017-07,moveis_quarto,5,1206.99,241.398
2017-07,moveis_sala,31,4395.12,141.77806451612904
2017-07,musica,1,329.0,329.0
2017-07,papelaria,80,7091.75,88.646875
2017-07,perfumaria,126,12910.02,102.4604761904762
2017-07,pet_shop,86,6605.87,76.81244186046511
2017-07,relogios_presentes,168,36804.56,219.07476190476189
2017-07,sinalizacao_e_seguranca,6,530.19,88.36500000000001
2017-07,tablets_impressao_imagem,2,198.0,99.0
2017-07,telefonia,144,9064.86,62.95041666666667
2017-07,telefonia_fixa,9,218.73,24.30333333333333
2017-07,utilidades_domesticas,276,20874.3,75.63152173913043
2017-08,Unknown,77,5243.4,68.0961038961039
2017-08,agro_industria_e_comercio,4,88.0,22.0
2017-08,alimentos,8,364.5,45.5625
2017-08,alimentos_bebidas,15,494.81,32.98733333333333
2017-08,artes,4,244.7,61.175
2017-08,artigos_de_natal,1,58.9,58.9
2017-08,audio,7,1050.7,150.1
2017-08,automotivo,166,20421.11,123.01873493975904
2017-08,bebes,132,19982.13,151.37977272727272
2017-08,bebidas,2,119.9,59.95
2017-08,beleza_saude,360,49873.9,138.53861111111112
2017-08,brinquedos,184,18126.87,98.51559782608695
2017-08,cama_mesa_banho,512,57137.23,111.59615234375
2017-08,casa_conforto,28,4000.19,142.86392857142857
2017-08,casa_conforto_2,3,38.7,12.9
2017-08,casa_construcao,1,124.8,124.8
2017-08,cds_dvds_musicais,3,135.0,45.0
2017-08,climatizacao,15,4271.73,284.782
2017-08,consoles_games,90,8824.25,98.04722222222222
2017-08,construcao_ferramentas_construcao,7,1180.0,168.57142857142858
2017-08,construcao_ferramentas_iluminacao,2,589.0,294.5
2017-08,construcao_ferramentas_jardim,10,1286.19,128.619
2017-08,construcao_ferramentas_seguranca,1,8.9,8.9
2017-08,cool_stuff,264,41720.03,158.03041666666667
2017-08,dvds_blu_ray,6,113.39999999999999,18.9
2017-08,eletrodomesticos,49,4587.05,93.61326530612246
2017-08,eletrodomesticos_2,17,4004.55,235.56176470588235
2017-08,eletronicos,56,2854.15,50.96696428571429
2017-08,eletroportateis,36,4297.01,119.3613888888889
2017-08,esporte_lazer,425,41732.26,98.19355294117648
2017-08,fashion_bolsas_e_acessorios,99,6617.68,66.84525252525253
2017-08,fashion_calcados,22,1491.69,67.80409090909092
2017-08,fashion_esporte,2,265.8,132.9
2017-08,fashion_roupa_feminina,4,188.70000000000002,47.175000000000004
2017-08,fashion_roupa_infanto_juvenil,1,49.9,49.9
2017-08,fashion_roupa_masculina,15,1205.05,80.33666666666666
2017-08,fashion_underwear_e_moda_praia,13,1111.0,85.46153846153847
2017-08,ferramentas_jardim,238,24269.4,101.97226890756303
2017-08,industria_comercio_e_negocios,3,956.9,318.96666666666664
2017-08,informatica_acessorios,350,35025.72,100.07348571428572
2017-08,instrumentos_musicais,27,7185.55,266.1314814814815
2017-08,la_cuisine,2,313.0,156.5
2017-08,livros_importados,1,61.0,61.0
2017-08,livros_interesse_geral,29,3214.8,110.85517241379311
2017-08,livros_tecnicos,9,1196.38,132.93111111111114
2017-08,malas_acessorios,63,6833.1,108.46190476190476
2017-08,market_place,23,1937.3899999999999,84.23434782608695
2017-08,moveis_colchao_e_estofado,2,509.39,254.695
2017-08,moveis_cozinha_area_de_servico_jantar_e_jardim,7,1006.2,143.74285714285716
2017-08,moveis_decoracao,436,35511.73,81.44892201834863
2017-08,moveis_escritorio,58,9877.36,170.2993103448276
2017-08,moveis_quarto,3,618.0,206.0
2017-08,moveis_sala,23,2478.07,107.74217391304349
2017-08,papelaria,80,6366.91,79.586375
2017-08,pcs,29,33700.0,1162.0689655172414
2017-08,perfumaria,128,13142.09,102.672578125
2017-08,pet_shop,90,10500.79,116.67544444444445
2017-08,portateis_casa_forno_e_cafe,2,109.06,54.53
2017-08,relogios_presentes,212,36419.2,171.788679245283
2017-08,sinalizacao_e_seguranca,4,377.8,94.45
2017-08,tablets_impressao_imagem,6,450.89,75.14833333333333
2017-08,telefonia,136,10930.29,80.36977941176471
2017-08,telefonia_fixa,20,3343.54,167.177
2017-08,utilidades_domesticas,288,23733.94,82.40951388888888
2017-09,Unknown,74,5904.14,79.78567567567568
2017-09,agro_industria_e_comercio,4,1993.99,498.4975
2017-09,alimentos,17,992.92,58.40705882352941
2017-09,alimentos_bebidas,9,310.86,34.54
2017-09,artes,3,388.54,129.51333333333335
2017-09,artigos_de_festas,2,269.8,134.9
2017-09,artigos_de_natal,4,254.7,63.675
2017-09,audio,10,1042.5900000000001,104.25900000000001
2017-09,automotivo,108,14544.67,134.67287037037036
2017-09,bebes,174,24366.3,140.03620689655173
2017-09,bebidas,8,327.97,40.99625
2017-09,beleza_saude,380,51537.65,135.6253947368421
2017-09,brinquedos,297,31399.22,105.72127946127947
2017-09,cama_mesa_banho,533,52473.200000000004,98.44878048780488
2017-09,casa_conforto,33,4592.34,139.16181818181818
2017-09,casa_conforto_2,1,12.9,12.9
2017-09,casa_construcao,11,1357.81,123.43727272727273
2017-09,cine_foto,1,69.0,69.0
2017-09,climatizacao,8,1731.05,216.38125
2017-09,consoles_games,66,8910.37,135.00560606060608
2017-09,construcao_ferramentas_construcao,11,1289.2,117.2
2017-09,construcao_ferramentas_ferramentas,3,916.89,305.63
2017-09,construcao_ferramentas_iluminacao,1,229.0,229.0
2017-09,construcao_ferramentas_jardim,6,297.5,49.583333333333336
2017-09,construcao_ferramentas_seguranca,5,1124.54,224.908
2017-09,cool_stuff,207,38210.340000000004,184.59101449275363
2017-09,dvds_blu_ray,2,39.8,19.9
2017-09,eletrodomesticos,10,1820.19,182.019
2017-09,eletrodomesticos_2,6,1627.8,271.3
2017-09,eletronicos,67,4338.96,64.76059701492538
2017-09,eletroportateis,33,10965.63,332.29181818181814
2017-09,esporte_lazer,461,50167.48,108.82316702819958
2017-09,fashion_bolsas_e_acessorios,124,11948.22,96.3566129032258
2017-09,fashion_calcados,14,1179.6000000000001,84.25714285714287
2017-09,fashion_esporte,5,384.6,76.92
2017-09,fashion_roupa_feminina,4,355.7,88.925
2017-09,fashion_roupa_infanto_juvenil,1,89.99,89.99
2017-09,fashion_roupa_masculina,16,1177.5,73.59375
2017-09,fashion_underwear_e_moda_praia,18,1789.7,99.42777777777778
2017-09,ferramentas_jardim,225,22507.23,100.03213333333333
2017-09,industria_comercio_e_negocios,2,219.98,109.99
2017-09,informatica_acessorios,253,28930.98,114.35169960474308
2017-09,instrumentos_musicais,28,9034.97,322.67749999999995
2017-09,livros_importados,4,290.0,72.5
2017-09,livros_interesse_geral,15,965.14,64.34266666666666
2017-09,livros_tecnicos,8,1001.35,125.16875
2017-09,malas_acessorios,42,3885.38,92.50904761904762
2017-09,market_place,11,1147.21,104.29181818181819
2017-09,moveis_colchao_e_estofado,1,86.5,86.5
2017-09,moveis_cozinha_area_de_servico_jantar_e_jardim,5,464.09000000000003,92.81800000000001
2017-09,moveis_decoracao,348,30838.69,88.61692528735632
2017-09,moveis_escritorio,61,9208.65,150.96147540983605
2017-09,moveis_quarto,4,709.6,177.4
2017-09,moveis_sala,11,1275.8700000000001,115.98818181818183
2017-09,papelaria,77,6130.41,79.61571428571429
2017-09,pcs,41,52878.880000000005,1289.728780487805
2017-09,perfumaria,160,14744.869999999999,92.15543749999999
2017-09,pet_shop,71,8534.92,120.21014084507043
2017-09,portateis_casa_forno_e_cafe,1,640.99,640.99
2017-09,relogios_presentes,268,47135.6,175.87910447761195
2017-09,seguros_e_servicos,1,100.0,100.0
2017-09,sinalizacao_e_seguranca,9,438.4,48.71111111111111
2017-09,tablets_impressao_imagem,3,233.9,77.96666666666667
2017-09,telefonia,177,18559.25,104.8545197740113
2017-09,telefonia_fixa,13,13692.91,1053.3007692307692
2017-09,utilidades_domesticas,255,20313.26,79.6598431372549
2017-10,Unknown,73,18800.48,257.5408219178082
2017-10,agro_industria_e_comercio,5,3350.2799999999997,670.0559999999999
2017-10,alimentos,17,806.06,47.41529411764706
2017-10,alimentos_bebidas,17,2297.23,135.13117647058823
2017-10,artes,3,349.05,116.35000000000001
2017-10,artigos_de_festas,2,137.8,68.9
2017-10,artigos_de_natal,12,388.05,32.3375
2017-10,audio,32,2348.48,73.39
2017-10,automotivo,150,21505.28,143.36853333333332
2017-10,bebes,138,16497.5,119.54710144927536
2017-10,bebidas,12,596.98,49.748333333333335
2017-10,beleza_saude,361,41915.72,116.11002770083103
2017-10,brinquedos,290,34633.01,119.42417241379312
2017-10,cama_mesa_banho,545,46198.0,84.76697247706421
2017-10,casa_conforto,27,3619.8,134.06666666666666
2017-10,casa_conforto_2,5,64.5,12.9
2017-10,casa_construcao,18,4201.17,233.39833333333334
2017-10,cds_dvds_musicais,1,45.0,45.0
2017-10,cine_foto,1,69.0,69.0
2017-10,climatizacao,12,2562.42,213.535
2017-10,consoles_games,109,10608.87,97.32908256880735
2017-10,construcao_ferramentas_construcao,19,2576.18,135.58842105263156
2017-10,construcao_ferramentas_ferramentas,5,1018.6,203.72
2017-10,construcao_ferramentas_iluminacao,2,500.0,250.0
2017-10,construcao_ferramentas_jardim,9,746.9,82.98888888888888
2017-10,construcao_ferramentas_seguranca,12,1668.85,139.07083333333333
2017-10,cool_stuff,258,44910.01,174.0698062015504
2017-10,dvds_blu_ray,5,194.5,38.9
2017-10,eletrodomesticos,8,1951.0800000000002,243.88500000000002
2017-10,eletrodomesticos_2,10,2803.17,280.317
2017-10,eletronicos,63,3454.32,54.83047619047619
2017-10,eletroportateis,32,6464.85,202.0265625
2017-10,esporte_lazer,471,49751.45,105.62940552016984
2017-10,fashion_bolsas_e_acessorios,110,7906.06,71.87327272727273
2017-10,fashion_calcados,18,1860.92,103.38444444444445
2017-10,fashion_esporte,1,59.9,59.9
2017-10,fashion_roupa_infanto_juvenil,1,39.99,39.99
2017-10,fashion_roupa_masculina,11,1041.8,94.7090909090909
2017-10,fashion_underwear_e_moda_praia,3,187.8,62.6
2017-10,ferramentas_jardim,281,25978.739999999998,92.45103202846974
2017-10,industria_comercio_e_negocios,5,2256.69,451.338
2017-10,informatica_acessorios,322,44022.09,136.71456521739128
2017-10,instrumentos_musicais,27,6859.16,254.04296296296295
2017-10,la_cuisine,1,137.0,137.0
2017-10,livros_interesse_geral,11,734.5,66.77272727272727
2017-10,livros_tecnicos,6,880.0,146.66666666666666
2017-10,malas_acessorios,56,6240.34,111.43464285714286
2017-10,market_place,11,1019.54,92.68545454545455
2017-10,moveis_cozinha_area_de_servico_jantar_e_jardim,16,3428.6,214.2875
2017-10,moveis_decoracao,379,30227.510000000002,79.75596306068603
2017-10,moveis_escritorio,102,17890.83,175.40029411764706
2017-10,moveis_quarto,4,1193.9,298.475
2017-10,moveis_sala,19,1532.79,80.67315789473685
2017-10,musica,1,54.9,54.9
2017-10,papelaria,101,8607.86,85.22633663366337
2017-10,pcs,27,40393.92,1496.0711111111111
2017-10,perfumaria,189,16984.62,89.86571428571428
2017-10,pet_shop,76,8243.58,108.46815789473685
2017-10,relogios_presentes,314,65959.53,210.0621974522293
2017-10,sinalizacao_e_seguranca,10,744.0,74.4
2017-10,tablets_impressao_imagem,1,99.0,99.0
2017-10,telefonia,253,22850.76,90.319209486166
2017-10,telefonia_fixa,7,3751.88,535.9828571428571
2017-10,utilidades_domesticas,235,15996.630000000001,68.07076595744681
2017-11,Unknown,122,14115.98,115.70475409836065
2017-11,agro_industria_e_comercio,19,13932.49,733.2889473684211
2017-11,alimentos,17,556.95,32.76176470588236
2017-11,alimentos_bebidas,33,2445.57,74.10818181818182
2017-11,artes,1,75.0,75.0
2017-11,artigos_de_festas,4,870.69,217.6725
2017-11,artigos_de_natal,24,1340.58,55.857499999999995
2017-11,audio,36,3677.23,102.14527777777778
2017-11,automotivo,263,34955.38,132.91019011406843
2017-11,bebes,203,21738.78,107.08758620689655
2017-11,bebidas,19,748.61,39.40052631578948
2017-11,beleza_saude,584,79120.4,135.48013698630135
2017-11,brinquedos,495,64320.89,129.9411919191919
2017-11,cama_mesa_banho,975,89412.54000000001,91.70516923076924
2017-11,casa_conforto,45,5355.39,119.00866666666667
2017-11,casa_conforto_2,3,38.7,12.9
2017-11,casa_construcao,38,4936.72,129.91368421052633
2017-11,cds_dvds_musicais,3,195.0,65.0
2017-11,cine_foto,1,242.0,242.0
2017-11,climatizacao,19,4076.62,214.55894736842106
2017-11,consoles_games,134,12608.88,94.09611940298507
2017-11,construcao_ferramentas_construcao,47,6993.56,148.7991489361702
2017-11,construcao_ferramentas_ferramentas,5,269.5,53.9
2017-11,construcao_ferramentas_iluminacao,10,2199.48,219.948
2017-11,construcao_ferramentas_jardim,17,1218.5,71.67647058823529
2017-11,construcao_ferramentas_seguranca,15,3318.59,221.23933333333335
2017-11,cool_stuff,302,56295.24,186.40807947019866
2017-11,dvds_blu_ray,3,79.78999999999999,26.596666666666664
2017-11,eletrodomesticos,25,4515.94,180.6376
2017-11,eletrodomesticos_2,13,4854.93,373.4561538461539
2017-11,eletronicos,184,10026.14,54.48989130434782
2017-11,eletroportateis,31,7826.82,252.47806451612902
2017-11,esporte_lazer,612,64874.05,106.00334967320262
2017-11,fashion_bolsas_e_acessorios,200,13414.89,67.07445
2017-11,fashion_calcados,20,1777.7,88.885
2017-11,fashion_esporte,1,59.9,59.9
2017-11,fashion_roupa_feminina,3,79.88,26.626666666666665
2017-11,fashion_roupa_masculina,12,929.99,77.49916666666667
2017-11,fashion_underwear_e_moda_praia,10,1221.6,122.16
2017-11,ferramentas_jardim,550,45972.18,83.58578181818181
2017-11,flores,6,187.8,31.3
2017-11,industria_comercio_e_negocios,7,2074.77,296.3957142857143
2017-11,informatica_acessorios,532,72656.0,136.57142857142858
2017-11,instrumentos_musicais,49,16509.9,336.93673469387755
2017-11,la_cuisine,1,137.0,137.0
2017-11,livros_importados,4,324.0,81.0
2017-11,livros_interesse_geral,38,2664.96,70.13052631578948
2017-11,livros_tecnicos,6,768.9,128.15
2017-11,malas_acessorios,72,8538.95,118.5965277777778
2017-11,market_place,16,1355.98,84.74875
2017-11,moveis_colchao_e_estofado,2,334.0,167.0
2017-11,moveis_cozinha_area_de_servico_jantar_e_jardim,33,5007.39,151.73909090909092
2017-11,moveis_decoracao,783,63223.97,80.74581098339719
2017-11,moveis_escritorio,102,18048.2,176.94313725490196
2017-11,moveis_quarto,3,873.0,291.0
2017-11,moveis_sala,39,6212.95,159.30641025641026
2017-11,papelaria,166,16699.09,100.59692771084337
2017-11,pcs,7,9768.0,1395.4285714285713
2017-11,perfumaria,311,31831.81,102.35308681672026
2017-11,pet_shop,99,11325.68,114.40080808080809
2017-11,relogios_presentes,469,97724.57,208.36795309168446
2017-11,sinalizacao_e_seguranca,5,596.79,119.35799999999999
2017-11,tablets_impressao_imagem,6,350.40000000000003,58.400000000000006
2017-11,telefonia,383,26564.88,69.36
2017-11,telefonia_fixa,5,943.98,188.796
2017-11,utilidades_domesticas,423,34855.32,82.40028368794326
2017-12,Unknown,146,16224.92,111.1295890410959
2017-12,agro_industria_e_comercio,11,5291.7,481.06363636363636
2017-12,alimentos,14,978.1899999999999,69.87071428571429
2017-12,alimentos_bebidas,22,1098.68,49.940000000000005
2017-12,artes,3,115.25,38.416666666666664
2017-12,artigos_de_festas,2,515.2,257.6
2017-12,artigos_de_natal,16,493.90000000000003,30.868750000000002
2017-12,audio,17,2686.9300000000003,158.05470588235295
2017-12,automotivo,268,39287.64,146.59567164179103
2017-12,bebes,143,19943.08,139.46209790209792
2017-12,bebidas,34,2132.84,62.73058823529412
2017-12,beleza_saude,466,61264.66,131.46922746781118
2017-12,brinquedos,445,57194.14,128.52615730337078
2017-12,cama_mesa_banho,552,50505.85,91.49610507246376
2017-12,casa_conforto,14,2257.8,161.27142857142857
2017-12,casa_construcao,39,6735.3,172.70000000000002
2017-12,cds_dvds_musicais,1,65.0,65.0
2017-12,climatizacao,3,668.8,222.9333333333333
2017-12,consoles_games,93,9075.01,97.58075268817204
2017-12,construcao_ferramentas_construcao,27,5830.35,215.9388888888889
2017-12,construcao_ferramentas_ferramentas,6,349.4,58.23333333333333
2017-12,construcao_ferramentas_iluminacao,2,176.0,88.0
2017-12,construcao_ferramentas_jardim,6,928.9000000000001,154.8166666666667
2017-12,construcao_ferramentas_seguranca,7,1384.92,197.8457142857143
2017-12,cool_stuff,252,39011.54,154.80769841269841
2017-12,dvds_blu_ray,1,119.9,119.9
2017-12,eletrodomesticos,16,1331.0,83.1875
2017-12,eletrodomesticos_2,8,1990.16,248.77
2017-12,eletronicos,210,8537.51,40.654809523809526
2017-12,eletroportateis,29,8913.77,307.3713793103448
2017-12,esporte_lazer,493,59792.66,121.2832860040568
2017-12,fashion_bolsas_e_acessorios,135,10028.460000000001,74.2848888888889
2017-12,fashion_calcados,13,1099.0,84.53846153846153
2017-12,fashion_esporte,1,59.9,59.9
2017-12,fashion_roupa_masculina,4,450.89,112.7225
2017-12,fashion_underwear_e_moda_praia,13,1173.1,90.23846153846154
2017-12,ferramentas_jardim,325,27689.69,85.19904615384615
2017-12,flores,2,82.7,41.35
2017-12,fraldas_higiene,2,76.0,38.0
2017-12,industria_comercio_e_negocios,9,1828.5,203.16666666666666
2017-12,informatica_acessorios,287,37880.65,131.98832752613242
2017-12,instrumentos_musicais,42,10823.5,257.70238095238096
2017-12,livros_importados,3,231.0,77.0
2017-12,livros_interesse_geral,42,2397.1,57.07380952380952
2017-12,livros_tecnicos,4,670.69,167.6725
2017-12,malas_acessorios,47,6248.21,132.94063829787234
2017-12,market_place,14,703.25,50.232142857142854
2017-12,moveis_colchao_e_estofado,8,803.7,100.4625
2017-12,moveis_cozinha_area_de_servico_jantar_e_jardim,20,4277.3,213.865
2017-12,moveis_decoracao,390,32011.75,82.08141025641025
2017-12,moveis_escritorio,49,6964.36,142.12979591836734
2017-12,moveis_quarto,1,185.0,185.0
2017-12,moveis_sala,20,2316.01,115.80050000000001
2017-12,papelaria,251,25731.0,102.51394422310757
2017-12,pcs,23,16741.0,727.8695652173913
2017-12,perfumaria,241,27864.43,115.62004149377593
2017-12,pet_shop,74,7227.2300000000005,97.66527027027027
2017-12,relogios_presentes,367,71727.62,195.44310626702995
2017-12,sinalizacao_e_seguranca,2,770.0,385.0
2017-12,tablets_impressao_imagem,6,419.40000000000003,69.9
2017-12,telefonia,267,13611.01,50.977565543071165
2017-12,telefonia_fixa,5,998.77,199.754
2017-12,utilidades_domesticas,295,25921.95,87.87101694915255
2018-01,Unknown,208,22489.45,108.12235576923078
2018-01,agro_industria_e_comercio,18,5853.4400000000005,325.1911111111111
2018-01,alimentos,20,868.41,43.4205
2018-01,alimentos_bebidas,11,341.17,31.015454545454546
2018-01,artes,19,2540.77,133.72473684210527
2018-01,artigos_de_festas,2,135.8,67.9
2018-01,artigos_de_natal,10,851.5,85.15
2018-01,audio,26,3820.2799999999997,146.93384615384613
2018-01,automotivo,268,35995.02,134.30977611940298
2018-01,bebes,223,30058.47,134.79134529147981
2018-01,bebidas,52,2307.61,44.37711538461539
2018-01,beleza_saude,628,72470.49,115.3988694267516
2018-01,brinquedos,165,21948.23,133.01957575757575
2018-01,cama_mesa_banho,848,76377.79000000001,90.06814858490567
2018-01,casa_conforto,18,3020.16,167.78666666666666
2018-01,casa_construcao,42,5827.58,138.75190476190477
2018-01,cine_foto,2,199.98,99.99
2018-01,climatizacao,29,4674.74,161.19793103448276
2018-01,consoles_games,54,8200.98,151.87
2018-01,construcao_ferramentas_construcao,48,9664.18,201.33708333333334
2018-01,construcao_ferramentas_ferramentas,8,532.3,66.5375
2018-01,construcao_ferramentas_iluminacao,7,2392.99,341.85571428571427
2018-01,construcao_ferramentas_jardim,24,3927.98,163.66583333333332
2018-01,construcao_ferramentas_seguranca,11,2228.89,202.62636363636364
2018-01,cool_stuff,300,39739.700000000004,132.4656666666667
2018-01,dvds_blu_ray,2,49.8,24.9
2018-01,eletrodomesticos,28,1795.05,64.10892857142856
2018-01,eletrodomesticos_2,13,8630.1,663.8538461538462
2018-01,eletronicos,351,15996.68,45.57458689458689
2018-01,eletroportateis,55,15450.76,280.9229090909091
2018-01,esporte_lazer,654,91574.33,140.02191131498472
2018-01,fashion_bolsas_e_acessorios,125,7931.72,63.45376
2018-01,fashion_calcados,9,666.7,74.07777777777778
2018-01,fashion_esporte,2,119.8,59.9
2018-01,fashion_roupa_feminina,3,161.79000000000002,53.93000000000001
2018-01,fashion_roupa_masculina,6,550.6,91.76666666666667
2018-01,fashion_underwear_e_moda_praia,8,754.5,94.3125
2018-01,ferramentas_jardim,240,27037.94,112.65808333333332
2018-01,flores,10,284.6,28.46
2018-01,fraldas_higiene,5,125.0,25.0
2018-01,industria_comercio_e_negocios,19,3662.0,192.73684210526315
2018-01,informatica_acessorios,707,83257.45,117.7615983026874
2018-01,instrumentos_musicais,53,15405.58,290.671320754717
2018-01,la_cuisine,1,112.0,112.0
2018-01,livros_importados,6,583.0,97.16666666666667
2018-01,livros_interesse_geral,45,2180.15,48.44777777777778
2018-01,livros_tecnicos,17,1176.55,69.20882352941176
2018-01,malas_acessorios,128,18738.22,146.39234375
2018-01,market_place,14,818.72,58.480000000000004
2018-01,moveis_colchao_e_estofado,9,860.5,95.61111111111111
2018-01,moveis_cozinha_area_de_servico_jantar_e_jardim,21,4838.5,230.4047619047619
2018-01,moveis_decoracao,612,55438.18,90.5852614379085
2018-01,moveis_escritorio,145,20113.41,138.7131724137931
2018-01,moveis_quarto,5,914.8,182.95999999999998
2018-01,moveis_sala,22,2308.1,104.91363636363636
2018-01,musica,1,24.97,24.97
2018-01,papelaria,397,41023.91,103.33478589420656
2018-01,pcs,12,7450.0,620.8333333333334
2018-01,perfumaria,229,20036.89,87.49733624454149
2018-01,pet_shop,90,10885.96,120.95511111111111
2018-01,portateis_casa_forno_e_cafe,1,369.99,369.99
2018-01,relogios_presentes,370,75621.24,204.38172972972976
2018-01,sinalizacao_e_seguranca,8,1048.79,131.09875
2018-01,tablets_impressao_imagem,3,161.8,53.93333333333334
2018-01,telefonia,372,14879.96,39.99989247311828
2018-01,telefonia_fixa,10,2444.1,244.41
2018-01,utilidades_domesticas,359,38078.31,106.06771587743732
2018-02,Unknown,120,12758.75,106.32291666666667
2018-02,agro_industria_e_comercio,27,7404.8,274.2518518518519
2018-02,alimentos,39,1933.42,49.5748717948718
2018-02,alimentos_bebidas,24,1059.1,44.12916666666666
2018-02,artes,13,1251.71,96.28538461538461
2018-02,artigos_de_natal,24,2059.65,85.81875000000001
2018-02,audio,15,2828.49,188.56599999999997
2018-02,automotivo,319,41706.89,130.74260188087774
2018-02,bebes,176,25985.82,147.64670454545455
2018-02,bebidas,32,1967.44,61.4825
2018-02,beleza_saude,668,86996.06,130.23362275449102
2018-02,brinquedos,146,14778.93,101.22554794520548
2018-02,cama_mesa_banho,690,60690.88,87.95779710144927
2018-02,casa_conforto,21,3012.76,143.46476190476193
2018-02,casa_conforto_2,3,38.7,12.9
2018-02,casa_construcao,39,5303.9,135.99743589743588
2018-02,cine_foto,2,227.99,113.995
2018-02,climatizacao,12,2626.89,218.9075
2018-02,consoles_games,52,11978.73,230.3601923076923
2018-02,construcao_ferramentas_construcao,69,9003.97,130.4923188405797
2018-02,construcao_ferramentas_ferramentas,12,1318.2,109.85000000000001
2018-02,construcao_ferramentas_iluminacao,17,1610.8,94.75294117647059
2018-02,construcao_ferramentas_jardim,20,1538.25,76.9125
2018-02,construcao_ferramentas_seguranca,8,5965.75,745.71875
2018-02,cool_stuff,187,31002.21,165.7872192513369
2018-02,dvds_blu_ray,1,24.9,24.9
2018-02,eletrodomesticos,49,5583.74,113.9538775510204
2018-02,eletrodomesticos_2,21,8998.83,428.5157142857143
2018-02,eletronicos,332,14780.6,44.51987951807229
2018-02,eletroportateis,32,5245.16,163.91125
2018-02,esporte_lazer,651,75863.95,116.53448540706604
2018-02,fashion_bolsas_e_acessorios,107,9786.63,91.46383177570092
2018-02,fashion_calcados,11,1033.7,93.97272727272728
2018-02,fashion_roupa_feminina,1,29.99,29.99
2018-02,fashion_roupa_masculina,3,388.09000000000003,129.36333333333334
2018-02,fashion_underwear_e_moda_praia,7,399.3,57.042857142857144
2018-02,ferramentas_jardim,296,26838.03,90.66902027027027
2018-02,flores,4,134.48000000000002,33.620000000000005
2018-02,fraldas_higiene,4,100.0,25.0
2018-02,industria_comercio_e_negocios,37,4735.59,127.98891891891893
2018-02,informatica_acessorios,981,100855.23,102.80859327217125
2018-02,instrumentos_musicais,44,9015.73,204.90295454545455
2018-02,livros_importados,3,325.0,108.33333333333333
2018-02,livros_interesse_geral,29,1912.65,65.95344827586207
2018-02,livros_tecnicos,26,1411.21,54.277307692307694
2018-02,malas_acessorios,47,6604.35,140.51808510638298
2018-02,market_place,28,1920.92,68.60428571428572
2018-02,moveis_colchao_e_estofado,6,389.4,64.89999999999999
2018-02,moveis_cozinha_area_de_servico_jantar_e_jardim,20,4750.16,237.50799999999998
2018-02,moveis_decoracao,434,38646.520000000004,89.04728110599079
2018-02,moveis_escritorio,109,17774.78,163.071376146789
2018-02,moveis_quarto,8,1094.8,136.85
2018-02,moveis_sala,26,4402.78,169.3376923076923
2018-02,musica,2,244.97,122.485
2018-02,papelaria,159,11889.1,74.77421383647798
2018-02,pc_gamer,1,129.99,129.99
2018-02,perfumaria,215,20632.7,95.96604651162791
2018-02,pet_shop,102,9595.03,94.06892156862746
2018-02,portateis_casa_forno_e_cafe,5,3024.9,604.98
2018-02,relogios_presentes,337,63462.18,188.31507418397626
2018-02,sinalizacao_e_seguranca,15,715.79,47.71933333333333
2018-02,tablets_impressao_imagem,13,694.97,53.45923076923077
2018-02,telefonia,359,14105.24,39.290362116991645
2018-02,telefonia_fixa,12,6138.67,511.55583333333334
2018-02,utilidades_domesticas,400,35448.56,88.6214
2018-03,Unknown,135,17378.11,128.72674074074075
2018-03,agro_industria_e_comercio,28,6019.0,214.96428571428572
2018-03,alimentos,35,1559.8999999999999,44.568571428571424
2018-03,alimentos_bebidas,19,2350.77,123.72473684210526
2018-03,artes,7,461.5,65.92857142857143
2018-03,artigos_de_festas,6,913.9,152.31666666666666
2018-03,artigos_de_natal,12,854.95,71.24583333333334
2018-03,audio,34,10606.69,311.96147058823533
2018-03,automotivo,344,44753.24,130.09662790697675
2018-03,bebes,224,41985.74,187.43633928571427
2018-03,bebidas,21,962.7,45.84285714285714
2018-03,beleza_saude,673,90034.41,133.78069836552748
2018-03,brinquedos,234,23407.4,100.03162393162394
2018-03,cama_mesa_banho,798,69256.39,86.78745614035088
2018-03,casa_conforto,21,2522.38,120.11333333333334
2018-03,casa_conforto_2,1,34.99,34.99
2018-03,casa_construcao,44,5639.51,128.17068181818183
2018-03,cine_foto,7,711.79,101.6842857142857
2018-03,climatizacao,25,2667.58,106.7032
2018-03,consoles_games,58,11858.72,204.46068965517242
2018-03,construcao_ferramentas_construcao,71,10549.38,148.58281690140845
2018-03,construcao_ferramentas_ferramentas,9,931.3,103.47777777777777
2018-03,construcao_ferramentas_iluminacao,13,2536.7,195.1307692307692
2018-03,construcao_ferramentas_jardim,23,2497.23,108.57521739130435
2018-03,construcao_ferramentas_seguranca,22,5374.87,244.31227272727273
2018-03,cool_stuff,256,38353.22,149.817265625
2018-03,dvds_blu_ray,2,49.8,24.9
2018-03,eletrodomesticos,70,9876.59,141.09414285714286
2018-03,eletrodomesticos_2,12,5648.2,470.68333333333334
2018-03,eletronicos,261,12554.8,48.10268199233716
2018-03,eletroportateis,37,14260.15,385.40945945945947
2018-03,esporte_lazer,761,85292.17,112.07906701708278
2018-03,fashion_bolsas_e_acessorios,139,10261.58,73.82431654676259
2018-03,fashion_calcados,12,1252.8,104.39999999999999
2018-03,fashion_esporte,1,89.9,89.9
2018-03,fashion_roupa_feminina,4,119.96,29.99
2018-03,fashion_roupa_infanto_juvenil,2,79.98,39.99
2018-03,fashion_underwear_e_moda_praia,5,289.4,57.879999999999995
2018-03,ferramentas_jardim,262,27612.25,105.39026717557252
2018-03,flores,3,89.67,29.89
2018-03,fraldas_higiene,6,163.0,27.166666666666668
2018-03,industria_comercio_e_negocios,29,2922.45,100.77413793103447
2018-03,informatica_acessorios,758,85673.53,113.02576517150396
2018-03,instrumentos_musicais,55,10822.2,196.76727272727274
2018-03,la_cuisine,1,389.0,389.0
2018-03,livros_importados,3,259.0,86.33333333333333
2018-03,livros_interesse_geral,39,1711.93,43.89564102564103
2018-03,livros_tecnicos,17,913.47,53.73352941176471
2018-03,malas_acessorios,57,5911.77,103.71526315789474
2018-03,market_place,17,1548.74,91.10235294117648
2018-03,moveis_colchao_e_estofado,4,440.0,110.0
2018-03,moveis_cozinha_area_de_servico_jantar_e_jardim,12,2842.66,236.88833333333332
2018-03,moveis_decoracao,595,52244.04,87.80510924369749
2018-03,moveis_escritorio,202,31301.62,154.95851485148515
2018-03,moveis_quarto,6,1071.8,178.63333333333333
2018-03,moveis_sala,19,3521.87,185.36157894736843
2018-03,musica,2,323.97,161.985
2018-03,papelaria,164,13152.74,80.19963414634147
2018-03,perfumaria,202,20473.25,101.35272277227723
2018-03,pet_shop,124,13643.69,110.02975806451613
2018-03,portateis_casa_forno_e_cafe,7,7890.9,1127.2714285714285
2018-03,relogios_presentes,430,97861.08,227.5839069767442
2018-03,sinalizacao_e_seguranca,9,921.9,102.43333333333334
2018-03,tablets_impressao_imagem,3,259.29,86.43
2018-03,telefonia,344,25804.89,75.01421511627906
2018-03,telefonia_fixa,14,1930.59,137.8992857142857
2018-03,utilidades_domesticas,407,37514.44,92.17307125307126
2018-04,Unknown,76,8240.66,108.42973684210526
2018-04,agro_industria_e_comercio,12,4500.7,375.05833333333334
2018-04,alimentos,40,1665.43,41.63575
2018-04,alimentos_bebidas,18,605.0699999999999,33.614999999999995
2018-04,artes,26,2140.2799999999997,82.31846153846153
2018-04,artes_e_artesanato,1,15.99,15.99
2018-04,artigos_de_festas,2,43.8,21.9
2018-04,artigos_de_natal,12,275.15,22.929166666666664
2018-04,audio,31,7045.07,227.26032258064515
2018-04,automotivo,356,49629.19,139.40783707865168
2018-04,bebes,244,49821.84,204.187868852459
2018-04,bebidas,54,5016.4400000000005,92.89703703703705
2018-04,beleza_saude,694,91751.04,132.20610951008643
2018-04,brinquedos,205,23352.38,113.9140487804878
2018-04,cama_mesa_banho,746,72357.25,96.9936327077748
2018-04,casa_conforto,18,1939.4,107.74444444444445
2018-04,casa_conforto_2,1,12.9,12.9
2018-04,casa_construcao,76,9318.5,122.61184210526316
2018-04,cds_dvds_musicais,1,65.0,65.0
2018-04,cine_foto,5,521.74,104.348
2018-04,climatizacao,23,3261.79,141.81695652173912
2018-04,consoles_games,48,7239.400000000001,150.82083333333335
2018-04,construcao_ferramentas_construcao,92,13293.83,144.49815217391304
2018-04,construcao_ferramentas_ferramentas,17,1332.99,78.41117647058823
2018-04,construcao_ferramentas_iluminacao,47,4962.67,105.58872340425532
2018-04,construcao_ferramentas_jardim,18,1326.79,73.71055555555556
2018-04,construcao_ferramentas_seguranca,24,2887.26,120.30250000000001
2018-04,cool_stuff,207,35202.4,170.05990338164253
2018-04,dvds_blu_ray,5,92.5,18.5
2018-04,eletrodomesticos,106,15124.25,142.6816037735849
2018-04,eletrodomesticos_2,23,20741.69,901.8126086956521
2018-04,eletronicos,214,11022.43,51.50668224299066
2018-04,eletroportateis,67,12211.41,182.25985074626865
2018-04,esporte_lazer,600,67528.08,112.5468
2018-04,fashion_bolsas_e_acessorios,107,9030.85,84.40046728971963
2018-04,fashion_calcados,11,1438.7,130.79090909090908
2018-04,fashion_esporte,1,89.9,89.9
2018-04,fashion_roupa_feminina,5,174.95000000000002,34.99
2018-04,fashion_roupa_masculina,1,195.0,195.0
2018-04,fashion_underwear_e_moda_praia,6,359.4,59.9
2018-04,ferramentas_jardim,288,35037.64,121.65847222222222
2018-04,flores,3,158.4,52.800000000000004
2018-04,fraldas_higiene,4,149.0,37.25
2018-04,industria_comercio_e_negocios,53,5690.61,107.36999999999999
2018-04,informatica_acessorios,544,59651.2,109.65294117647058
2018-04,instrumentos_musicais,60,19375.31,322.9218333333334
2018-04,la_cuisine,2,280.0,140.0
2018-04,livros_importados,4,317.99,79.4975
2018-04,livros_interesse_geral,50,6295.51,125.9102
2018-04,livros_tecnicos,23,1172.1,50.960869565217386
2018-04,malas_acessorios,57,8680.48,152.28912280701755
2018-04,market_place,15,627.23,41.815333333333335
2018-04,moveis_cozinha_area_de_servico_jantar_e_jardim,20,3165.47,158.27349999999998
2018-04,moveis_decoracao,594,56793.01,95.61112794612795
2018-04,moveis_escritorio,133,20194.72,151.84
2018-04,moveis_quarto,8,1470.9,183.8625
2018-04,moveis_sala,34,5133.7300000000005,150.99205882352942
2018-04,musica,5,1696.8600000000001,339.372
2018-04,papelaria,155,11701.35,75.4925806451613
2018-04,pcs,15,13774.92,918.328
2018-04,perfumaria,175,17790.31,101.65891428571429
2018-04,pet_shop,170,18778.3,110.46058823529411
2018-04,portateis_casa_forno_e_cafe,15,13980.98,932.0653333333333
2018-04,relogios_presentes,505,92658.57,183.4823168316832
2018-04,sinalizacao_e_seguranca,36,2222.2999999999997,61.73055555555555
2018-04,tablets_impressao_imagem,1,52.0,52.0
2018-04,telefonia,284,16636.84,58.58042253521127
2018-04,telefonia_fixa,11,1921.94,174.72181818181818
2018-04,utilidades_domesticas,471,45405.96,96.40331210191083
2018-05,Unknown,43,3136.94,72.95209302325581
2018-05,agro_industria_e_comercio,8,3279.75,409.96875
2018-05,alimentos,44,1542.93,35.06659090909091
2018-05,alimentos_bebidas,25,1239.44,49.577600000000004
2018-05,artes,36,2691.86,74.77388888888889
2018-05,artes_e_artesanato,1,89.8,89.8
2018-05,artigos_de_festas,4,100.69999999999999,25.174999999999997
2018-05,artigos_de_natal,6,524.53,87.42166666666667
2018-05,audio,21,2697.68,128.46095238095236
2018-05,automotivo,311,40928.14,131.60173633440513
2018-05,bebes,245,34003.6,138.79020408163265
2018-05,bebidas,48,2790.98,58.14541666666667
2018-05,beleza_saude,770,96460.36,125.2731948051948
2018-05,brinquedos,221,31767.3,143.74343891402714
2018-05,cama_mesa_banho,747,71702.77,95.98764390896922
2018-05,casa_conforto,22,2776.6,126.2090909090909
2018-05,casa_construcao,79,10155.28,128.54784810126583
2018-05,cine_foto,18,2277.29,126.51611111111112
2018-05,climatizacao,15,2051.2,136.74666666666664
2018-05,consoles_games,54,5664.07,104.89018518518517
2018-05,construcao_ferramentas_construcao,125,20748.6,165.9888
2018-05,construcao_ferramentas_ferramentas,5,417.9,83.58
2018-05,construcao_ferramentas_iluminacao,41,5477.81,133.60512195121953
2018-05,construcao_ferramentas_jardim,16,1073.28,67.08
2018-05,construcao_ferramentas_seguranca,29,7298.509999999999,251.67275862068962
2018-05,cool_stuff,176,30039.11,170.67676136363636
2018-05,dvds_blu_ray,7,439.94,62.848571428571425
2018-05,eletrodomesticos,64,6149.67,96.08859375
2018-05,eletrodomesticos_2,23,14441.24,627.88
2018-05,eletronicos,235,16989.29,72.2948510638298
2018-05,eletroportateis,48,10620.99,221.270625
2018-05,esporte_lazer,492,59664.11,121.2685162601626
2018-05,fashion_bolsas_e_acessorios,111,11519.16,103.77621621621621
2018-05,fashion_calcados,10,1582.7,158.27
2018-05,fashion_roupa_masculina,1,129.99,129.99
2018-05,fashion_underwear_e_moda_praia,6,207.39999999999998,34.56666666666666
2018-05,ferramentas_jardim,291,37863.18,130.1140206185567
2018-05,flores,1,16.4,16.4
2018-05,fraldas_higiene,3,117.0,39.0
2018-05,industria_comercio_e_negocios,41,3890.99,94.90219512195121
2018-05,informatica_acessorios,464,51515.73,111.0252801724138
2018-05,instrumentos_musicais,61,18757.07,307.4929508196721
2018-05,livros_importados,10,410.92,41.092
2018-05,livros_interesse_geral,53,6019.03,113.5666037735849
2018-05,livros_tecnicos,56,3055.48,54.56214285714286
2018-05,malas_acessorios,49,6618.46,135.07061224489797
2018-05,market_place,14,957.45,68.38928571428572
2018-05,moveis_cozinha_area_de_servico_jantar_e_jardim,13,2310.09,177.69923076923078
2018-05,moveis_decoracao,605,54260.98,89.68757024793389
2018-05,moveis_escritorio,105,21005.86,200.05580952380953
2018-05,moveis_quarto,6,1484.98,247.49666666666667
2018-05,moveis_sala,16,2721.08,170.0675
2018-05,musica,5,729.0,145.8
2018-05,papelaria,130,12923.39,99.4106923076923
2018-05,pcs,14,9429.92,673.5657142857143
2018-05,perfumaria,198,24757.7,125.03888888888889
2018-05,pet_shop,136,11708.460000000001,86.09161764705883
2018-05,portateis_casa_forno_e_cafe,9,10161.6,1129.0666666666666
2018-05,portateis_cozinha_e_preparadores_de_alimentos,2,1958.0,979.0
2018-05,relogios_presentes,636,123872.66,194.76833333333335
2018-05,sinalizacao_e_seguranca,7,683.5,97.64285714285714
2018-05,tablets_impressao_imagem,1,49.9,49.9
2018-05,telefonia,256,21608.26,84.407265625
2018-05,telefonia_fixa,17,1946.1,114.47647058823529
2018-05,utilidades_domesticas,619,63003.57,101.78282714054927
2018-06,Unknown,23,2387.13,103.78826086956522
2018-06,agro_industria_e_comercio,10,3515.8,351.58000000000004
2018-06,alimentos,24,1371.18,57.1325
2018-06,alimentos_bebidas,11,293.85,26.713636363636365
2018-06,artes,28,2500.14,89.29071428571429
2018-06,artigos_de_festas,2,84.80000000000001,42.400000000000006
2018-06,artigos_de_natal,7,306.19,43.74142857142857
2018-06,audio,20,1830.69,91.53450000000001
2018-06,automotivo,300,45407.49,151.35829999999999
2018-06,bebes,225,30755.12,136.68942222222222
2018-06,bebidas,33,1567.07,47.486969696969695
2018-06,beleza_saude,885,107908.82,121.93087005649718
2018-06,brinquedos,191,21221.45,111.10706806282722
2018-06,cama_mesa_banho,773,71565.48,92.58147477360932
2018-06,casa_conforto,16,2386.4900000000002,149.15562500000001
2018-06,casa_conforto_2,2,25.8,12.9
2018-06,casa_construcao,71,9094.59,128.09281690140844
2018-06,cine_foto,13,435.85,33.526923076923076
2018-06,climatizacao,15,3567.9,237.86
2018-06,consoles_games,43,6903.01,160.53511627906977
2018-06,construcao_ferramentas_construcao,113,22947.72,203.07716814159292
2018-06,construcao_ferramentas_ferramentas,4,527.0,131.75
2018-06,construcao_ferramentas_iluminacao,44,4583.41,104.1684090909091
2018-06,construcao_ferramentas_jardim,11,799.44,72.67636363636365
2018-06,construcao_ferramentas_seguranca,16,2565.37,160.335625
2018-06,cool_stuff,103,19316.37,187.53757281553396
2018-06,dvds_blu_ray,6,382.88,63.81333333333333
2018-06,eletrodomesticos,67,5916.37,88.30402985074626
2018-06,eletrodomesticos_2,19,8312.72,437.5115789473684
2018-06,eletronicos,191,9664.57,50.59984293193717
2018-06,eletroportateis,50,16022.7,320.454
2018-06,esporte_lazer,426,45851.01,107.63147887323944
2018-06,fashion_bolsas_e_acessorios,87,7869.95,90.45919540229885
2018-06,fashion_calcados,10,1230.58,123.05799999999999
2018-06,fashion_roupa_infanto_juvenil,1,89.99,89.99
2018-06,fashion_roupa_masculina,7,447.8,63.971428571428575
2018-06,fashion_underwear_e_moda_praia,7,129.3,18.47142857142857
2018-06,ferramentas_jardim,185,18018.71,97.39843243243243
2018-06,flores,2,108.0,54.0
2018-06,fraldas_higiene,7,321.0,45.857142857142854
2018-06,industria_comercio_e_negocios,26,2609.9,100.38076923076923
2018-06,informatica_acessorios,408,42326.45,103.74129901960784
2018-06,instrumentos_musicais,47,16177.92,344.21106382978724
2018-06,livros_importados,9,468.17,52.01888888888889
2018-06,livros_interesse_geral,39,3345.39,85.77923076923076
2018-06,livros_tecnicos,26,1747.43,67.20884615384615
2018-06,malas_acessorios,36,5070.88,140.85777777777778
2018-06,market_place,7,556.46,79.49428571428572
2018-06,moveis_cozinha_area_de_servico_jantar_e_jardim,30,3667.4300000000003,122.24766666666667
2018-06,moveis_decoracao,405,42190.22,104.17338271604939
2018-06,moveis_escritorio,77,12725.58,165.26727272727274
2018-06,moveis_quarto,9,1559.99,173.3322222222222
2018-06,moveis_sala,29,3541.62,122.12482758620689
2018-06,musica,3,109.08,36.36
2018-06,papelaria,167,12859.08,77.00047904191617
2018-06,pcs,13,13127.0,1009.7692307692307
2018-06,perfumaria,189,27335.86,144.6341798941799
2018-06,pet_shop,178,19491.78,109.5043820224719
2018-06,portateis_casa_forno_e_cafe,3,3499.0,1166.3333333333333
2018-06,relogios_presentes,481,86885.56,180.63525987525986
2018-06,sinalizacao_e_seguranca,27,5863.18,217.1548148148148
2018-06,tablets_impressao_imagem,1,50.0,50.0
2018-06,telefonia,219,22776.82,104.00374429223744
2018-06,telefonia_fixa,17,2080.32,122.37176470588236
2018-06,utilidades_domesticas,584,56825.45,97.30385273972603
2018-07,Unknown,47,4612.0,98.12765957446808
2018-07,agro_industria_e_comercio,30,7756.6900000000005,258.5563333333333
2018-07,alimentos,64,3378.17,52.78390625
2018-07,alimentos_bebidas,18,813.73,45.20722222222222
2018-07,artes,21,1843.1999999999998,87.77142857142856
2018-07,artes_e_artesanato,11,654.57,59.50636363636364
2018-07,artigos_de_festas,2,57.5,28.75
2018-07,artigos_de_natal,8,509.56,63.695
2018-07,audio,22,2062.64,93.75636363636363
2018-07,automotivo,344,43830.29,127.41363372093024
2018-07,bebes,222,22185.96,99.93675675675675
2018-07,bebidas,17,1335.17,78.53941176470589
2018-07,beleza_saude,784,105813.03,134.96559948979592
2018-07,brinquedos,156,17277.29,110.75185897435898
2018-07,cama_mesa_banho,624,55082.82,88.27374999999999
2018-07,casa_conforto,24,2984.38,124.34916666666668
2018-07,casa_conforto_2,3,38.7,12.9
2018-07,casa_construcao,61,6780.15,111.14999999999999
2018-07,cine_foto,7,1178.54,168.36285714285714
2018-07,climatizacao,17,2657.86,156.34470588235294
2018-07,consoles_games,49,8519.11,173.85938775510206
2018-07,construcao_ferramentas_construcao,115,15237.470000000001,132.4997391304348
2018-07,construcao_ferramentas_ferramentas,12,5501.2,458.43333333333334
2018-07,construcao_ferramentas_iluminacao,55,7249.61,131.8110909090909
2018-07,construcao_ferramentas_jardim,25,1956.47,78.25880000000001
2018-07,construcao_ferramentas_seguranca,15,1888.95,125.93
2018-07,cool_stuff,121,30551.61,252.49264462809919
2018-07,dvds_blu_ray,1,83.99,83.99
2018-07,eletrodomesticos,79,5290.63,66.97
2018-07,eletrodomesticos_2,23,12597.32,547.7095652173913
2018-07,eletronicos,159,11150.75,70.13050314465409
2018-07,eletroportateis,43,8711.25,202.5872093023256
2018-07,esporte_lazer,468,55292.68,118.14675213675214
2018-07,fashion_bolsas_e_acessorios,77,6161.87,80.02428571428571
2018-07,fashion_calcados,5,820.19,164.038
2018-07,fashion_roupa_masculina,5,208.7,41.739999999999995
2018-07,fashion_underwear_e_moda_praia,2,109.8,54.9
2018-07,ferramentas_jardim,179,26173.78,146.2222346368715
2018-07,flores,2,47.989999999999995,23.994999999999997
2018-07,fraldas_higiene,4,149.8,37.45
2018-07,industria_comercio_e_negocios,14,4697.21,335.515
2018-07,informatica_acessorios,427,41902.79,98.13299765807963
2018-07,instrumentos_musicais,37,9541.8,257.8864864864865
2018-07,livros_importados,8,402.78,50.3475
2018-07,livros_interesse_geral,25,4077.45,163.09799999999998
2018-07,livros_tecnicos,28,2106.81,75.24321428571429
2018-07,malas_acessorios,54,5821.72,107.80962962962964
2018-07,market_place,4,186.78,46.695
2018-07,moveis_colchao_e_estofado,1,129.9,129.9
2018-07,moveis_cozinha_area_de_servico_jantar_e_jardim,23,3875.95,168.5195652173913
2018-07,moveis_decoracao,440,45715.49,103.89884090909091
2018-07,moveis_escritorio,82,13775.27,167.99109756097562
2018-07,moveis_quarto,10,1386.9,138.69
2018-07,moveis_sala,55,6779.63,123.266
2018-07,musica,3,849.3,283.09999999999997
2018-07,papelaria,191,17247.09,90.2989005235602
2018-07,pc_gamer,3,677.0,225.66666666666666
2018-07,pcs,8,11239.0,1404.875
2018-07,perfumaria,205,22417.77,109.3549756097561
2018-07,pet_shop,160,19583.74,122.39837500000002
2018-07,portateis_casa_forno_e_cafe,15,4699.67,313.3113333333333
2018-07,portateis_cozinha_e_preparadores_de_alimentos,8,172.03,21.50375
2018-07,relogios_presentes,528,96212.59,182.22081439393938
2018-07,sinalizacao_e_seguranca,29,3785.19,130.52379310344827
2018-07,telefonia,225,26939.41,119.7307111111111
2018-07,telefonia_fixa,11,9319.39,847.2172727272726
2018-07,utilidades_domesticas,577,63409.14,109.89452339688042
2018-08,Unknown,32,2419.04,75.595
2018-08,agro_industria_e_comercio,18,5021.09,278.94944444444445
2018-08,alimentos,116,8256.18,71.17396551724138
2018-08,alimentos_bebidas,21,1028.61,48.981428571428566
2018-08,artes,18,1481.3899999999999,82.29944444444443
2018-08,artes_e_artesanato,9,901.76,100.19555555555556
2018-08,artigos_de_festas,14,1285.29,91.80642857142857
2018-08,artigos_de_natal,11,564.37,51.306363636363635
2018-08,audio,26,2069.4,79.5923076923077
2018-08,automotivo,377,45380.89,120.37371352785146
2018-08,bebes,217,22004.15,101.40161290322581
2018-08,bebidas,30,1477.23,49.241
2018-08,beleza_saude,849,120803.94,142.2896819787986
2018-08,brinquedos,170,17753.05,104.42970588235293
2018-08,cama_mesa_banho,658,61035.88,92.75969604863222
2018-08,casa_conforto,16,2241.28,140.08
2018-08,casa_construcao,49,7016.16,143.1869387755102
2018-08,cine_foto,10,685.28,68.52799999999999
2018-08,climatizacao,21,3556.9,169.3761904761905
2018-08,consoles_games,62,4824.49,77.81435483870968
2018-08,construcao_ferramentas_construcao,162,22917.16,141.46395061728396
2018-08,construcao_ferramentas_ferramentas,14,1255.77,89.69785714285715
2018-08,construcao_ferramentas_iluminacao,62,8212.53,132.4601612903226
2018-08,construcao_ferramentas_jardim,23,3688.76,160.3808695652174
2018-08,construcao_ferramentas_seguranca,26,4070.12,156.5430769230769
2018-08,cool_stuff,123,16354.58,132.9640650406504
2018-08,dvds_blu_ray,1,8.9,8.9
2018-08,eletrodomesticos,65,6584.400000000001,101.29846153846155
2018-08,eletrodomesticos_2,15,9882.76,658.8506666666667
2018-08,eletronicos,120,10769.47,89.74558333333333
2018-08,eletroportateis,25,6759.0599999999995,270.3624
2018-08,esporte_lazer,475,51500.16,108.42138947368421
2018-08,fashion_bolsas_e_acessorios,127,8177.43,64.3892125984252
2018-08,fashion_calcados,3,471.29999999999995,157.1
2018-08,fashion_esporte,1,69.9,69.9
2018-08,fashion_roupa_feminina,3,129.97,43.32333333333333
2018-08,fashion_roupa_masculina,3,381.69000000000005,127.23000000000002
2018-08,fashion_underwear_e_moda_praia,2,219.9,109.95
2018-08,ferramentas_jardim,138,16432.34,119.07492753623188
2018-08,fraldas_higiene,3,231.89,77.29666666666667
2018-08,industria_comercio_e_negocios,10,2364.69,236.469
2018-08,informatica_acessorios,419,40293.93,96.16689737470168
2018-08,instrumentos_musicais,41,10519.34,256.5692682926829
2018-08,livros_importados,1,749.0,749.0
2018-08,livros_interesse_geral,36,1564.78,43.46611111111111
2018-08,livros_tecnicos,29,1483.79,51.1651724137931
2018-08,malas_acessorios,66,6847.91,103.75621212121212
2018-08,market_place,8,949.27,118.65875
2018-08,moveis_cozinha_area_de_servico_jantar_e_jardim,21,2156.47,102.68904761904761
2018-08,moveis_decoracao,433,41380.15,95.5661662817552
2018-08,moveis_escritorio,30,6758.87,225.29566666666668
2018-08,moveis_quarto,12,2197.0,183.08333333333334
2018-08,moveis_sala,40,5223.34,130.58350000000002
2018-08,musica,6,497.81,82.96833333333333
2018-08,papelaria,170,15563.65,91.55088235294117
2018-08,pc_gamer,1,219.0,219.0
2018-08,pcs,12,8711.5,725.9583333333334
2018-08,perfumaria,223,25017.69,112.18695067264574
2018-08,pet_shop,199,24857.07,124.90989949748743
2018-08,portateis_casa_forno_e_cafe,17,2996.7200000000003,176.27764705882353
2018-08,portateis_cozinha_e_preparadores_de_alimentos,5,1838.5,367.7
2018-08,relogios_presentes,416,72277.06,173.74293269230768
2018-08,sinalizacao_e_seguranca,22,1825.59,82.98136363636364
2018-08,telefonia,277,37541.89,135.53028880866427
2018-08,telefonia_fixa,10,2724.17,272.41700000000003
2018-08,utilidades_domesticas,629,60202.67,95.71171701112877
2018-09,moveis_cozinha_area_de_servico_jantar_e_jardim,1,145.0,145.0
